path,bytes,sha256
"C:\Users\Oron\Documents\Echocardiography-based early prediction of cardio-toxicity - Technion, Shaare Zedek, Ichilov .pptx.pdf",7051788,ab504c5487409db2a64e8472798a6583a11f914e8372a879f2e338a5c0cf5b88
C:\Users\Oron\OneDrive - Technion\Attachments\Research Proposal (1).pdf,123928,002d98572298b4cb9414888548abf95340064109fbe291cbcd42053b5b836d82
D:\us\amber_alert_rerun_25\amber_alert_execution_report.md,3551,31edd54871b5dd5abff6e8b687d6860da86677ce1091ba4efc478ead8468d6a6
D:\us\amber_full_105_preprocessed\Ichilov_july_dataset_schema.md,2260,d0555d1bd69599afdbbf8c3321623f38aeb6856e864f67d3d24bf7abf57829ac
D:\us\amber_full_105_preprocessed\Ichilov_july_research_report.md,17803,ddd786ee8d740cbd93e42c7bec2f9a40d51d64527b53e0d72f8d2a0a0b9e2032
D:\us\amber_full_105_preprocessed\Ichilov_july_run_metadata.json,1818,117e1d7427a1293ffa0ce024cc532a4fa48dc9994c67683d08803eff1a271b2e
D:\us\amber_full_105_preprocessed\Ichilov_july_visits.parquet,834615,f5e97dc2687c9eddcf1732b8cef4bfa61c8eb6560e3dae3279875faf49aac6df
D:\us\amber_full_105_results\amber_alert_bootstrap_intervals.csv,1432,2fdc1e833834fb1efc1e360da8ff61ecd9d5128238cab39b96a639ccd9e7ec64
D:\us\amber_full_105_results\amber_alert_cnn_fold_metadata.csv,2132,fcebf05eed5ad9e2df72711bbf23205b72ddab8ff92f0e4fa0457a0ab1594d98
D:\us\amber_full_105_results\amber_alert_execution_report.md,3655,f55015c33d3b7e9cef86cc0cc3d9d8aeccc265ee449dddb34fcb700d72d91587
D:\us\amber_full_105_results\amber_alert_label_audit.csv,679,b96790e3f76f5e5c47f05350b661db462a163894da97bd69e958549662696725
D:\us\amber_full_105_results\amber_alert_model_metrics.csv,3416,485f2eba792c045bc7b1168c02a86f13214bcb63c416b72a8454efc9de184733
D:\us\amber_full_105_results\amber_alert_model_spec.json,1575,35cc63544b2966f31467a7d8399587ae448eb89916e48da0f8748bc4640cef2b
D:\us\amber_full_105_results\amber_alert_oof_predictions.csv,263341,928f3bec3fa9190c5fa2bac0f817986a3972bb988d2d2885930950839dcfd6df
D:\us\amber_full_105_results\amber_alert_pairs.csv,272711,7fc554d1bc32a4c46323e1018b2833976f75f46495800f2dcd3ceb2393a6e14a
D:\us\amber_full_105_results\comparison_to_25_patient_run.md,2982,e2018701e9e845c5f7af69d1250234d9b71b33a54c191adb7e6ab09ddbda67a1
D:\us\cardiotoxicity_15pct_early_detection_report_he.docx,46349,ef1cb39101964ee7b04ea92e876d59a77bf1629aaaa2d98af4b2f37ffb775837
D:\us\cardiotoxicity_baseline_gls_analysis.py,6657,29a60c3f7a964e70bd307fbe547a41770c4962dbfaa7b9e6d1f883b340347a6d
D:\us\cardiotoxicity_cnn_channel_ablation.py,34868,a4b43a2f69fcdb735903b83719157c8d46b4839d5091e9c6beb764af8c13248d
D:\us\cardiotoxicity_cnn_channel_ablation_results\cnn_channel_ablation_deltas_vs_clinical.csv,1443,51b65ebd1488ba446a2f057b4dd8f5e7e7b729584c109d6b0811039f5846a025
D:\us\cardiotoxicity_cnn_channel_ablation_results\cnn_channel_ablation_metadata.json,2609,20e0868499f86e6b611573cb75d984f289ff2a758cafa3ad8cc824cee496c57b
D:\us\cardiotoxicity_cnn_channel_ablation_results\cnn_channel_ablation_metrics.csv,1874,aa1f481281549b59e935330a457a205186952197205f7ff1fdc2b97a59aeea22
D:\us\cardiotoxicity_cnn_channel_ablation_results\cnn_channel_ablation_paired_deltas.csv,798,79f7eae2087cc4feaab7e6ce505b118777adc9bf9afa18f502f347217d30f472
D:\us\cardiotoxicity_cnn_channel_ablation_results\cnn_channel_ablation_patient_folds.csv,6254,800b041d04e4998d202abd20002da6b8dfeac372d47dc6c2f68d593d4942231c
D:\us\cardiotoxicity_cnn_channel_ablation_results\cnn_channel_ablation_report.md,3309,740f8776d5a19aaa9d12fce867208584344540f281a168fec35024dc26cb828b
D:\us\cardiotoxicity_cnn_channel_ablation_results\cnn_channel_ablation_training_log.csv,6171,27fe9ef13106541a056f577a7fc38963a39e84e58820ee55603b561f9e2b96ca
D:\us\cardiotoxicity_cnn_kernel_ablation.py,16175,1540c94696b841298a710274454b7cd8c69c0efe960aebb56e4903c9e01fa3f3
D:\us\cardiotoxicity_cnn_kernel_ablation_results\cnn_kernel_ablation_metadata.json,1438,fae01333e64984a9fd36fabc899a2e8178c90369c976fae7e2eb04e475869922
D:\us\cardiotoxicity_cnn_kernel_ablation_results\cnn_kernel_ablation_metrics.csv,1608,9e7f5d0c13ae17c312cf8206a07e025623eca8410a0391839524caebb92ab8b5
D:\us\cardiotoxicity_cnn_kernel_ablation_results\cnn_kernel_ablation_paired_deltas.csv,1026,13264ad9475f88e3a01ae22590bfccdc61fa4e6a6909be99a972ebbd1a2f1749
D:\us\cardiotoxicity_cnn_kernel_ablation_results\cnn_kernel_ablation_patient_folds.csv,6254,7d870150d60e908078bbacd3252268bc3649befe7c7318da98c584bf0a5d0f2c
D:\us\cardiotoxicity_cnn_kernel_ablation_results\cnn_kernel_ablation_report.md,2674,a7564d098247df4a534703e8cfa2635bc927a413a2d8489e03b4e46ff21737ce
D:\us\cardiotoxicity_cnn_kernel_ablation_results\cnn_kernel_ablation_training_log.csv,3979,0c684e384453b0c89e11df5a319317dc26f5a8a479315e39a98c42fdd2fd12e0
D:\us\cardiotoxicity_cnn_length_ablation.py,14457,e0b8a67b1f6cd82fb62f948eb848b8657790e92cfee30efbcaaed8e30aed7945
D:\us\cardiotoxicity_cnn_length_ablation_results\cnn_length_ablation_metadata.json,1637,ea2dd474659a3871201969c39ddc1958c177d09ef6c4e3c50b9558b6e3b39d7a
D:\us\cardiotoxicity_cnn_length_ablation_results\cnn_length_ablation_metrics.csv,1042,c26fb7a47e1c86e78fc45a60cef68bc61cf190dbe41023c5c27b34ae10de05af
D:\us\cardiotoxicity_cnn_length_ablation_results\cnn_length_ablation_paired_deltas.csv,578,b71b003e6cb67a8ae03bfa97cfe70efc84ab32bc742768d3c88b875b83418a64
D:\us\cardiotoxicity_cnn_length_ablation_results\cnn_length_ablation_patient_folds.csv,6254,ebbbe6b96abd74e6eb2632dbe9082dfa118cbc11e2df92fa2c6e83daac930da1
D:\us\cardiotoxicity_cnn_length_ablation_results\cnn_length_ablation_report.md,2560,876035263c3751f17945497cdb7cb796c096f10f5c15c31a8514c1fba624a42a
D:\us\cardiotoxicity_cnn_length_ablation_results\cnn_length_ablation_training_log.csv,4471,cca5d3c07db9fb1e4436f855fef36da44d7b0f0223ef03fda997d5798a8628e7
D:\us\cardiotoxicity_cnn_segment_interaction_ablation.py,20177,795c97403bfebea304cf167b05f1764cadfffd6711693ae9869debc66e888160
D:\us\cardiotoxicity_cnn_segment_interaction_results\segment_interaction_metadata.json,1240,cdffdd8c6b64322aec6186266dbf0d1025215e8b772853256e3de2b5a6ad37ac
D:\us\cardiotoxicity_cnn_segment_interaction_results\segment_interaction_metrics.csv,1345,ac9f61a17c67178a5df3394e3eac638f0d4ac47d63ce0ec6368050aeb2df51fa
D:\us\cardiotoxicity_cnn_segment_interaction_results\segment_interaction_paired_deltas.csv,1320,b3e40f8ea98796c9697a5312b0f6eff79d1797f2124e15bf7f45b8bb930e6c30
D:\us\cardiotoxicity_cnn_segment_interaction_results\segment_interaction_patient_folds.csv,6254,01e0a2f994469aaf652d91be2fae715e91b20143da68ebf248d3d64063a38619
D:\us\cardiotoxicity_cnn_segment_interaction_results\segment_interaction_report.md,2932,307f64ef6aa866b50012d19d885ef0c1468e9b406e27c4a237e7c303147dcbce
D:\us\cardiotoxicity_cnn_segment_interaction_results\segment_interaction_training_log.csv,5304,22427625cd20c4ced9d3513845463880085a3614574bb84413b5f8d475a66b56
D:\us\cardiotoxicity_curve_length_results\curve_length_metadata.json,467,a92e287384c69a2d15db5e65e839c2e543ec1c11d1cb1e17974185ce3da40c22
D:\us\cardiotoxicity_curve_length_results\curve_length_report.md,3238,c069e9aa55f1378aa8c318cba1ba2f7ad47d3d1a42e5c0b89692d2c5920823b9
D:\us\cardiotoxicity_curve_length_results\curve_length_summary.csv,389,566fe474ca4194f6f994ee18d7cfa066b34e45295c3e659fdee57e19686ea93e
D:\us\cardiotoxicity_curve_length_results\report_curve_lengths.csv,25541,4041dac6f4662eb1923db87888da1bc804f1e2d3f92865e103ba373e04b27b66
D:\us\cardiotoxicity_curve_length_results\resampling_candidate_tradeoffs.csv,1950,7065108d5e9d7b9fd51ff7572cf50c640c39332346c35d4439b325526c941db8
D:\us\cardiotoxicity_curve_length_results\sample_count_frequency.csv,2387,cedd4b92d13f39f78c706218002fec21f1172a63225f2029dfef0c69101d7207
D:\us\cardiotoxicity_early_detection.py,67367,d30f251777a9a5732e0b2ddcd5ac14a06fbd4ecf6f07b1cd0e52c3cfe4fd8d12
D:\us\cardiotoxicity_early_detection_results\classification_deltas_vs_clinical.csv,22800,4892d39ee968e8a72c660a6de7222b46d83f7dc5852bd57b34461c1f7b21bd95
D:\us\cardiotoxicity_early_detection_results\classification_metrics.csv,38247,920b51c5c177ffe1bf7dbde95db6c4cbbb27a607e698d71f2bd457db00418ac7
D:\us\cardiotoxicity_early_detection_results\continuous_deltas_vs_clinical.csv,4270,407983f1135994f9d52ac6a05fc4db1ed9c0bac750a619c9f3a345a7cd81ee42
D:\us\cardiotoxicity_early_detection_results\continuous_metrics.csv,2687,d1d64db53ca026ba4b4d3054d66f042f3d2b71bd3189d6974a0fec18debdd8d1
D:\us\cardiotoxicity_early_detection_results\early_detection_report.md,21342,17c524af54e2fe2733d18a763e650bc6b3fb72410753d45317482006c70d1275
D:\us\cardiotoxicity_early_detection_results\feature_manifest.csv,50682,89dddb2394b9352815ea76ac6134cd41c921be0000beafd0ebbe2b2eaebc1a60
D:\us\cardiotoxicity_early_detection_results\label_audit.csv,1559,9f07208be4171b933fac22377d5114b4903fabeac2c6fe871f51c39644f2f041
D:\us\cardiotoxicity_early_detection_results\partial_feature_associations.csv,184927,5e026377b7d13623901ec4f3839f7deb02e748aa159a6343dbe260532b301e21
D:\us\cardiotoxicity_early_detection_results\primary_sparse_logistic_stability.csv,37634,a1c66c47459ea7b7df8456096bd1028e2086b9f4fc463a1fb4eb274eb2d4daae
D:\us\cardiotoxicity_early_detection_results\run_metadata.json,1051,e47c673067185536501e6150a10370a8198ea1a274d973628cc061099afddbff
D:\us\cardiotoxicity_error_noise.py,29896,ff1b8cdcbd364fb70f196492a6343dd943a1546fe4ace8ca7bba6e333e815e23
D:\us\cardiotoxicity_feature_importance_presentation.pptx,51121,5d246da746eb56d1d53c6edd9ae7211b2f1dd8d58aa359113dccd003bda15b29
D:\us\cardiotoxicity_feature_importance_presentation_with_families.pptx,52100,62db74dc2f40667b7166aa89df9413684f5aeb38f7dd88a4125a8dae9d2c5fb3
D:\us\cardiotoxicity_feature_importance_results\baseline_gls_vs_relative_drop_points.json,62962,cb85b15712052322bd9f98bd0a89e52da2dce969d690e61f168e1947c25bd224
D:\us\cardiotoxicity_feature_importance_results\baseline_gls_vs_relative_drop_summary.json,4456,93c0f6a7b7516b3fa1121d50aad0706f6f8e2ded06d1f1da94020fa488d4bca8
D:\us\cardiotoxicity_feature_importance_results\noncnn_base_metric_reproduction.csv,413,c04a6b4ad248f45d3ba80b1df1bb004bd97cdbcaeb34c881dc1d737cca9bf356
D:\us\cardiotoxicity_feature_importance_results\noncnn_feature_consensus.csv,9220,683a81bf09838ef74dcd8f2b5aee2a6b705494d027109edd48dbd4e877dc3f92
D:\us\cardiotoxicity_feature_importance_results\noncnn_feature_family_importance.csv,2968,20c7800aa4aebccc770217cd84ba891cf26ed83209f312c02e2dc28d960cb48e
D:\us\cardiotoxicity_feature_importance_results\noncnn_feature_importance_all.csv,111653,ff714e9b8de6240a713281cc461c91fb653fdb3ef5727e9a3a7b3fb39db0bf47
D:\us\cardiotoxicity_feature_importance_results\noncnn_feature_importance_metadata.json,311,303a797091ed04f7a550d509228b9b07142d8c920085e988c6248822e902c9f2
D:\us\cardiotoxicity_feature_importance_results\noncnn_feature_importance_report.md,18038,9b9c9e42028a73e14e3b446b8711f052329adfa384cced504d145bf45016d833
D:\us\cardiotoxicity_feature_importance_results\noncnn_feature_importance_top.csv,42934,827ee1066fe609cfbe022f61bd58fcfee622db72894f0566eec2e4933ff37150
D:\us\cardiotoxicity_gpu_apex_control.py,7173,c0f54c7cb6111c58c0c686281ba965747c518aa31ebba3b784130110ba1d04ff
D:\us\cardiotoxicity_models_features_explained.pptx,240132,41e1accc7ad4bcd1a606710111cc01245f9a67ca6dbead5c2b393d7cdb29d320
D:\us\cardiotoxicity_next_visit_gpu.py,54685,483f3da2826727d52440a0513d0e0e5869b8ade3b8755b9e54476c0a5d630ae2
D:\us\cardiotoxicity_next_visit_gpu_results\feature_manifest.csv,32133,3430f8b7caa97f5762de5f4257db2b5f17ce35e5456d613215c1994763ecfd57
D:\us\cardiotoxicity_next_visit_gpu_results\gpu_training_log.csv,1367,00f8fb23ef0cab483a08a82bfc5f0d8d22cad05797a1efd6a16d8a21de9e7b54
D:\us\cardiotoxicity_next_visit_gpu_results\label_audit.csv,2512,2296048be9d800d20d85f7dcbd55ec270c8a606bf1fceef01904e08d92063bfd
D:\us\cardiotoxicity_next_visit_gpu_results\model_deltas_vs_clinical.csv,18251,15b70400ae77f9cee1f0b243cca02e9aa2b0c5046f96f056c22559a1fe707fa4
D:\us\cardiotoxicity_next_visit_gpu_results\model_metrics.csv,25328,1bbfe46900ad37d442cd90581ab70c4cbcf988ac363f70062e9250e6d27fc28e
D:\us\cardiotoxicity_next_visit_gpu_results\next_visit_report.md,6975,9cc06319de1a1ce705d6ddb7cddb756e17693e5b7bbd67262b82fbeb57f94c7a
D:\us\cardiotoxicity_next_visit_gpu_results\next_visit_transitions.parquet,817343,239e1821f58835b1413f29faff9d73bbcc6c721e8156fc919fadf9851d18a76d
D:\us\cardiotoxicity_next_visit_gpu_results\oof_predictions.parquet,172060,f5d23efd28d24e4e104e020d6eaa1a75baf09fa203a474147c259e57a2616499
D:\us\cardiotoxicity_next_visit_gpu_results\patient_fold_assignments.csv,6254,4899ad16f5640b1b8021decfdbf46e34e914089f516676fd3d6646572bbdeb73
D:\us\cardiotoxicity_next_visit_gpu_results\run_metadata.json,1540,811d3852a71d3d7e31e43be85b6d237fdeb7738a63636aed7d2e1a71b4e48228
D:\us\cardiotoxicity_nonapical_qc.py,37498,a90be66ebaa075142b89a9bb91917803acbb1e4844811ad25a98eeea3cfd84b1
D:\us\cardiotoxicity_nonapical_qc_results\controlled_gpu_deltas.csv,8500,bd9fe913c85c2dea409e67e6d4da61a253a41f554c321063450e6b3c97235057
D:\us\cardiotoxicity_nonapical_qc_results\controlled_gpu_metadata.json,358,8c5ae54b597e2d6badfb317448d75d2d322ecde019826d020beea9f264f13373
D:\us\cardiotoxicity_nonapical_qc_results\controlled_gpu_metrics.csv,13485,417a86aa53e044de49e0a7172050f3f26a7063de1e2164d6623c93edc5b23393
D:\us\cardiotoxicity_nonapical_qc_results\controlled_gpu_training_log.csv,9398,01770665d61ccdb7ca8dfb6d203b719bcef9fb6508edc563a3cf0c107c0386bd
D:\us\cardiotoxicity_nonapical_qc_results\curve_qc_audit.csv,179663,ea12c026fec64ca0f1e47d00ddc81896d7599ec6bb7b28164570257b2058f6d5
D:\us\cardiotoxicity_nonapical_qc_results\feature_manifest.csv,117181,36452433e21b9ad9d2e95a47205e8773f5e989ff278a5cec09e4548f1f4f2383
D:\us\cardiotoxicity_nonapical_qc_results\gpu_training_log.csv,4515,1289e42ec77c3bc7b19f1c1a2d85d4d90a6696193193f162effc3048ab2b9d69
D:\us\cardiotoxicity_nonapical_qc_results\model_deltas_vs_clinical.csv,32855,0871143ddb6d903e452bbc3488135a4402c00d296a1ead9977882a64c3f4e5e0
D:\us\cardiotoxicity_nonapical_qc_results\model_metrics.csv,39123,e38b1879525d3ccd2448ae6d241d9b401cc0ab843401bac1b708e6001e365954
D:\us\cardiotoxicity_nonapical_qc_results\nonapical_qc_report.md,6234,5dff9dc022ade54022d76115fa648997d1b5605773d82d0a26a54509e807a647
D:\us\cardiotoxicity_nonapical_qc_results\oof_predictions.parquet,276069,d9ea54078079ff9d641d494f3d0de098099e1016d85a9d27ab0773dd0dfae90c
D:\us\cardiotoxicity_nonapical_qc_results\patient_fold_assignments.csv,6254,39658873426b3b2769e51c110db18bd7c743cfd091c2f7f47f235ab2531d4443
D:\us\cardiotoxicity_nonapical_qc_results\run_metadata.json,1333,090b1ded0e3dc9d7583a3f1b58ac49ecb41dfe1f26f9c17448f50179f17136bb
D:\us\cardiotoxicity_nonapical_qc_results\tensor_imputation_noapex.csv,12922,7c88b287d8e9408dbf02f1c9702e5232e262f8bb37f3b21d5570cf87e2e735bc
D:\us\cardiotoxicity_nonapical_qc_results\tensor_imputation_noapex_fixed_qc.csv,17490,907984c2903c6a195835aa53eef95809a732924cc9e8352463b33d2ede7d4005
D:\us\cardiotoxicity_nonapical_qc_results\tensor_imputation_noapex_shape_qc.csv,20183,a6e53cd123cb075822db69c17c2580a06bb8eaf788910d2f295a04adcc7b2a23
D:\us\cardiotoxicity_nonapical_qc_results\variant_deltas.csv,22987,8325d3f17bc7c281d9eadb3b0bd0b590c03871c122dec276d2bd64b31bacbba1
D:\us\cardiotoxicity_nonapical_qc_smoke\nonapical_qc_report.md,4797,301450c5e76300d5f86d7dd18812b112c680d713dd2727e64e0f89485f9db574
D:\us\cardiotoxicity_noncnn_feature_importance.py,55906,0dd83cdf68f7a82ca908ed84d6c11b5eb8fbf6a10f5837886d7fd880e3c064a1
D:\us\cardiotoxicity_plateau_models.py,28182,c3a829e850d26947f242d82370ee445cc66e0a1228d2a2a3f931f35fa880606c
D:\us\cardiotoxicity_plateau_results\attention_vs_existing_trees.csv,407,e3677cde83b149776c6b5e4f661f43d1151f4ac3105bcaa756ffd9003d5504a5
D:\us\cardiotoxicity_plateau_results\attention_weight_summary.csv,7638,f86ddeaa90f7413c99da35547cbc6c8a47840c6baa26e2d2b9af3abad5bd8e65
D:\us\cardiotoxicity_plateau_results\auxiliary_gls_metrics.csv,614,750820f4a7a7d22878e98d1d73517bc762334942289020f7e823aa8866b5c64d
D:\us\cardiotoxicity_plateau_results\calibration_quintiles.csv,1010,d2549f8c55988f0d1c06f3a2cd52c3f7911e37acf2997a73eff8522679278f81
D:\us\cardiotoxicity_plateau_results\calibration_summary.csv,137,e669822ed1f999536cb0918a4866c46792293e14b2680036e48a41b8fa6abd61
D:\us\cardiotoxicity_plateau_results\error_case_details.csv,46411,6884673017eb5f164fe91664886f36cfa902c074fc98a79845ec98abe2dcbf6c
D:\us\cardiotoxicity_plateau_results\error_noise_metadata.json,402,93cd3990673afc5670ba8f8095115664533076caeadc57cf91fc30f03effa5ee
D:\us\cardiotoxicity_plateau_results\error_status_summary.csv,826,876879dbab33b0c29d13cef44a69606fe9d0dfab4ec45c78ed1f50093750284e
D:\us\cardiotoxicity_plateau_results\label_noise_ceiling.csv,4292,5480f1b114ae35e904599e5f5a25bbc135f51fe2f4586a896d331b3d9ddedad6
D:\us\cardiotoxicity_plateau_results\patient_fold_assignments.csv,6254,186c9dd3fa79b669384f664da8cbfa6fc57a990ec9fccd168c1181ecddce37d6
D:\us\cardiotoxicity_plateau_results\plateau_ablation_deltas.csv,9100,b0449be761541b5da047ca90bd9a5d2597e538c04be41859e71b09c27a63042f
D:\us\cardiotoxicity_plateau_results\plateau_deltas_vs_clinical.csv,10762,dd02482cfebcb6187586e6bce6e1f91638d0533c0faf8467135454ea7026839e
D:\us\cardiotoxicity_plateau_results\plateau_experiment_report.md,8964,05790b2a06cc38a88b347abdf61c3679fb77adfde61ee852442c0e38dd4850f2
D:\us\cardiotoxicity_plateau_results\plateau_gpu_training_log.csv,5949,191eba6ac752bd3001ab7bd5e3e167e6c19a0058cdcc3131214f77a93a85402f
D:\us\cardiotoxicity_plateau_results\plateau_model_metadata.json,1366,63c6b95619ad616dba47e06dacd91f8d2e5aa0de1762eca3eb78a251b668ccff
D:\us\cardiotoxicity_plateau_results\plateau_model_metrics.csv,15238,638a59337935e850d1b85a3073c891ac487d5030cc95ba6c5afa5906e29906b9
D:\us\cardiotoxicity_plateau_results\strain_replicate_pairs.csv,1409,255a4ee42dfb6739be0baad617f97279a9266ccd0e900d6c15fd8768ca6313b0
D:\us\cardiotoxicity_plateau_results\strain_replicate_summary.csv,606,5f57cc698be98157852a3cd24b0ef78046f5374d2c37481698dcaad743de9cce
D:\us\cardiotoxicity_plateau_results\subgroup_metrics.csv,17031,677f7fd45871832d3535653e5a69e7154fc91b3739c1889b0de3a96d7d144e6f
D:\us\cardiotoxicity_pre_event_feature_analysis.py,35589,d3d38b9633aa77f3c4e45a6e2017850f4a2d6ee2001227a49da7d6c93df89248
D:\us\cardiotoxicity_pre_event_feature_results\event_aligned_all_feature_values.csv,561785,80d1495ad1dd5aed343782cb0d2fb69767ece9e50f4bd25bef6abcc055d682c4
D:\us\cardiotoxicity_pre_event_feature_results\event_aligned_selected_feature_summary.csv,3760,55c904339807727e03b162d56be1e7be2c85b2499ce203ae2d7d743afdffd48b
D:\us\cardiotoxicity_pre_event_feature_results\event_aligned_selected_feature_values.csv,19999,2c43ace70cb91c61556c3e70053e92001fa378e5bf97b37b06a1e2802327bb19
D:\us\cardiotoxicity_pre_event_feature_results\pre_event_feature_ranking_all_events.csv,47499,99ce72d80cd78539d9022635cf55b4779d7396b201f0478c6e39dda4f3b43070
D:\us\cardiotoxicity_pre_event_feature_results\pre_event_feature_ranking_later_events.csv,47442,05c58a2abfabd589c7e8836fe4528ae8744672ce6020b434efd739469a357d06
D:\us\cardiotoxicity_pre_event_feature_results\pre_event_feature_report.md,6437,e9e9f2cf1dd6caa102466f872bf4494585c985f9b1c1d7af9b55439926a5f365
D:\us\cardiotoxicity_pre_event_feature_results\visit_feature_reconstruction_check.csv,9076,080125378cf4c7e0ba15c0822be0aab8db445479f78ca118671d9608b53684d2
D:\us\cardiotoxicity_pre_event_feature_results\within_case_change_ranking.csv,25539,31b7000f714aaab824030f94161c54d3efdf7cb29981ad769b2d81b674c85603
D:\us\cardiotoxicity_roc_plot.py,4784,a6ce15e496ea44650df6e7e2f45b1c7d83b833160ccf1422ca96f42aeedcc292
D:\us\cardiotoxicity_timeseries_round1.py,42738,70cc089a8400ef887fc79b8067d0d7980a365161c784925524c7162970bcbbb1
D:\us\cardiotoxicity_timeseries_round1_results\mantis_adapter_channel_weights.csv,12868,3ee59290a330521568ccb1236327d96695cbdf4c4c03b43bbf2de5658e3a67ed
D:\us\cardiotoxicity_timeseries_round1_results\round1_ablation_deltas.csv,2957,eed7eb3831776a2a939b88db8c2895d6b83613b0367fee314d15fb9649ad96a0
D:\us\cardiotoxicity_timeseries_round1_results\round1_metadata.json,614,b09bade098c99d8cea7405bf57069ce6e9a92c325b81668ef0e75bc126b3d044
D:\us\cardiotoxicity_timeseries_round1_results\round1_metric_reproduction.csv,1058,587f2c8da15f10e5d52e3ea162bb94a10702283841edea32432c2595e0a27cc2
D:\us\cardiotoxicity_timeseries_round1_results\round1_metrics.csv,4110,7eb021aa11776a1bb97ad20146211c12b550e98947bbaa7b06e55d7a8189f581
D:\us\cardiotoxicity_timeseries_round1_results\round1_paired_deltas_vs_cnn.csv,2989,b66815b92c66bcfc295712828d6bfae9bcfedcedd1cf31e554146f4b64690e46
D:\us\cardiotoxicity_timeseries_round1_results\round1_report.md,7081,ff920793ffb8734e7f5451b08cc9ddff8a469d20d70f6bf2544fc3eeb1413e19
D:\us\cardiotoxicity_timeseries_round1_results\round1_training_log.csv,14150,ab10d8d0d701bf80394d124c5d6f64568a2fe6a5c54d131039d484a79c856125
D:\us\cardiotoxicity_timeseries_round2.py,41072,8ce6b53ff3a2751b72d0c4c4c35bf327787e694dcbd9ff470814c1ea20b0732e
D:\us\cardiotoxicity_timeseries_round2_results\round2_ablation_deltas.csv,2199,5dd183ca1176b4c6561512717890654610fa83aba62251a183d097e4991dbdb2
D:\us\cardiotoxicity_timeseries_round2_results\round2_metadata.json,522,76d3dcb27301e9236d05708f74d8bdcbde714d74182f08141cf5c2f3b120e823
D:\us\cardiotoxicity_timeseries_round2_results\round2_metrics.csv,3723,a615c6d132425543c6296da2648e375a03d325d48f6bd33311582da860ca2021
D:\us\cardiotoxicity_timeseries_round2_results\round2_paired_deltas_vs_cnn.csv,2057,fd99f135bdc6d29d2b29a190f1af7c88e1d7b4ba43a938c2b367ce3e921824f6
D:\us\cardiotoxicity_timeseries_round2_results\round2_report.md,6117,da8d5dff746090452eabce7f121a3941540805cc00d91388357658e2eccbb957
D:\us\cardiotoxicity_timeseries_round2_results\round2_training_log.csv,10929,ef489e88d8846f59988d72b4040459c000022b2bbd244186ba4105b4bcdd9d20
D:\us\cardiotoxicity_timeseries_round2_results\scalar_mlp_training_log.csv,982,218f6226dd79611acad8ac29c658581f130a4097d07f0a36b9814fe44ff6280a
D:\us\cardiotoxicity_timeseries_round2_results\timemil_attention_summary.csv,30856,9977719443c7338c6568382a216c1e5351e9760d26b4468f69a9799f6ffe6f09
D:\us\cardiotoxicity_timeseries_round2_results\timemil_segment_attention_mass.csv,2327,28a3b6f1d734050cff92799433fe922e0e3f2469ae75f979e51b25f6b466a308
D:\us\cardiotoxicity_timeseries_round2_results\timemil_temporal_attention_mass.csv,1538,87f58b75bdcfc66e71362e707855da8598c6199f8cc8179edfba38b0d0d410b2
D:\us\cardiotoxicity_timeseries_round3.py,27282,da6fee409261c98ae9beb6a5bf45f44b136725d37a7d65a6c021f4fac49291af
D:\us\cardiotoxicity_timeseries_round3_results\round3_ensemble_ablation_deltas.csv,1127,db205b5ae3ff157be524e8f6b5dc8287296c6149deafef197c13c15e13ea48aa
D:\us\cardiotoxicity_timeseries_round3_results\round3_ensemble_weights.csv,19029,b2b560c2c9d3b20a4891ad4e4801f2bf5e7b3b537091c5b9c78f366b736bdb74
D:\us\cardiotoxicity_timeseries_round3_results\round3_metadata.json,347,f160d0fe3aac8cacca5695d1537b8889ee6f0d95026efa9468002ef787dc68be
D:\us\cardiotoxicity_timeseries_round3_results\round3_metrics.csv,7262,80901bf43106cd8683ccacaadeda5e508087d69ed5c57285c7ae0c64d68e1795
D:\us\cardiotoxicity_timeseries_round3_results\round3_oof_predictions.parquet,61264,d274848aef67e505561d4d45b38f773e1a088cb57cfcb77bcd14b9d4d9947ff4
D:\us\cardiotoxicity_timeseries_round3_results\round3_paired_deltas_vs_cnn.csv,4322,b94c688a148e327342911403acf78cdcf2319827686dc105e87a01dc9d3ee966
D:\us\cardiotoxicity_timeseries_round3_results\round3_pooling_ablation_deltas.csv,1796,5c0c7db1e3c437e61dcf23566314adb2a85a02eb59b33b7701237dcbe17d9fb6
D:\us\cardiotoxicity_timeseries_round3_results\round3_report.md,9413,31f94bd65a71b7334d20371a356308e73d711b101a357c86f9a0e5b21258263e
D:\us\cardiotoxicity_timeseries_round3_results\round3_training_log.csv,4875,4d8ad915f1213361ab17b7132b53059b93e663ba22080244eaa18e652f854a5b
D:\us\cardiotoxicity_timeseries_round4.py,46074,aa912ea55475bf8534b223c467655cb6087f533cdfa66d747b3b43937c9abdd2
D:\us\cardiotoxicity_timeseries_round4_results\catch22_feature_names.csv,24477,395cd9d448f9f7f625dfa2f14ead3ebe9cd17665c9caa1923f6b82bcbd31dfac
D:\us\cardiotoxicity_timeseries_round4_results\round4_classical_training_log.csv,11741,2e69a5569b8f6a735a667ef944fcc88fa6f3583108222c1b73c698e0729b3e91
D:\us\cardiotoxicity_timeseries_round4_results\round4_key_comparisons.csv,1221,0441a360697ef230a4453b82b178cf6b56278b92a7bbd4ad040b722f32c9fb73
D:\us\cardiotoxicity_timeseries_round4_results\round4_metadata.json,704,1a63c03b61ae0257a8c1c0f91936851f40d52c8544e8b31091b92bb51097d4c4
D:\us\cardiotoxicity_timeseries_round4_results\round4_metrics.csv,7323,e393bc1ad6bee989b28c0527629a26e75437ce6a1273e5027c3dd9331f4e4e6b
D:\us\cardiotoxicity_timeseries_round4_results\round4_model_correlations_vs_cnn.csv,1995,3f5e1a2b42deb78be688108f77a202987ba16a608c16e454edbd71b3e65db35c
D:\us\cardiotoxicity_timeseries_round4_results\round4_neural_training_log.csv,23557,c5f45b76604c5291c724dfb73250a3910e5875b220caa62234c98938296ee617
D:\us\cardiotoxicity_timeseries_round4_results\round4_paired_deltas_vs_cnn.csv,4762,0a77d0c5445995169b27255b757f6e1fc3cf3d12a316ceed1faacfe15240e5d2
D:\us\cardiotoxicity_timeseries_round4_results\round4_report.md,7501,3ac2e140d7d48f349d590e672d0a53ae0c348d585e099216337098eb57c155df
D:\us\cardiotoxicity_timeseries_round4_results\round4_seed_metrics.csv,2231,a759f185d2936aba6146e5a826a4857d86c5221f3d8f00e06f8cf1b0bab6ee27
D:\us\cardiotoxicity_timeseries_round4_results\round4_training_log.csv,35666,9cda9713add753cc94aa22eea59670fbe8f26d3afae57cfd8b058ccf068f8ab8
D:\us\cardiotoxicity_top_ensemble_feature_importance.py,51532,0829b317d676bc689ec1919d8d1f42607530447c497176d5d66310198eed2229
D:\us\cardiotoxicity_top_ensemble_feature_importance_results\catch22_heldout_permutation_importance.csv,21180,bc205c6ad0bb73ff164cf726b0b859399dc7f54ead98b6b6874ee2021f7fd174
D:\us\cardiotoxicity_top_ensemble_feature_importance_results\catch22_native_tree_shap.csv,51954,298f391fa88a0f2e46345ad54dffde2067e59c6b9a90dc30ab5c9f018fdd7159
D:\us\cardiotoxicity_top_ensemble_feature_importance_results\cnn_heldout_permutation_importance.csv,39899,537ab6187033b372dcb314238cdb9f73c3f77fa7ae2ea488e673c3aefc9d86c8
D:\us\cardiotoxicity_top_ensemble_feature_importance_results\cnn_oof_segment_attention.csv,380805,9fba050f72773588a2bba70f4e95992d9de162662a0148626f0074f37c490c1a
D:\us\cardiotoxicity_top_ensemble_feature_importance_results\constituent_reproduction_check.csv,659,5d6e9f2bb10f7842fe0dae07a754cf4054b02d81d31db2763c871666f92fd2b8
D:\us\cardiotoxicity_top_ensemble_feature_importance_results\ensemble_component_importance.csv,2287,dd9a1c860ca2961f396f86197d193343ade1d52e8ce15b0eea5459faf1ad37b3
D:\us\cardiotoxicity_top_ensemble_feature_importance_results\ensemble_feature_importance.csv,153760,ee790761858c3ec383c25cf48d63f89466ac165ec8a918b4552f50334ec45cb3
D:\us\cardiotoxicity_top_ensemble_feature_importance_results\metadata.json,175,35e5247c95b7028d8ff2274e5c942ed0ad6cb80d1a8b5926062439889bff5038
D:\us\cardiotoxicity_top_ensemble_feature_importance_results\moment_heldout_permutation_importance.csv,32290,780b43f132837c4ce58924d6b8d4e6808d720a1e0f3e5d7fe97d28f3262708a7
D:\us\cardiotoxicity_top_ensemble_feature_importance_results\rdst_curve_channel_attribution.csv,257,afe777b6c81ec16215671f45ff56d1e46a19037e6c59eba13bb21e11d367e634
D:\us\cardiotoxicity_top_ensemble_feature_importance_results\rdst_heldout_permutation_importance.csv,31094,be7cdbafeca3d9e4b2afd05e75cc86a25e42cfcf02ccbec1c90c9d76a5523569
D:\us\cardiotoxicity_top_ensemble_feature_importance_results\rdst_scalar_native_coefficients.csv,354001,5a6476d26efdb2c4619e6f802bed032f0cadd1fe8ad660d9fcce4a60ac4aa5e4
D:\us\cardiotoxicity_top_ensemble_feature_importance_results\rdst_segment_attribution.csv,443,bf544ef22df49208208584521fa19c49feefbc38fad9d913716baf634d335880
D:\us\cardiotoxicity_top_ensemble_feature_importance_results\rdst_shapelet_native_importance.csv,12067672,cfe2746e8cf342e99fc6a8ba08dc3df82b895c42382f12907a0e7f0d4d7f69c6
D:\us\cardiotoxicity_top_ensemble_feature_importance_results\top_ensemble_feature_importance_report.md,5430,1295727fd4c8e1869d68bc9d7a9a393baf623088af3202076843b13f31fb84bd
D:\us\embedding_probe_report_DinoPipeline_21.md,2253,4dded74376a87e3e06ee3ed199e14dcdb417b784a4ac2b0194fa0c8e2c77e8b3
D:\us\ichilov_pipeline.yaml,9407,6bfb0f6447a985c5ab8c7242b8e4a6dcda0e6f99b3d1ab787ee1bf0126c980e8
D:\us\ichilov_pipeline2.yaml,11383,d7f75553dd16ebd0969574e2586f70a4d983e70ee590ab1b9e5e6b513d1f3bee
D:\us\Ichilov_pipeline3\README.md,3277,7d3efed06318dffffef415ff60e4eca4147417f8ab647db4a5e89c671010d709
D:\us\ichilov_pipeline3.yaml,4485,e53c422c4af7cfcfca9ab7dc14cb69544592f3d1a8a0b826e39c9ca4d2fa440f
D:\us\ichilov_pipeline4.yaml,4806,452b5f74a85097dc4be32ad62dc94e3e63faea057678c3314a928272fa9069d3
D:\us\ichilov_pipeline5.yaml,2425,52ce39dfb8c9ba6b2f7b8b34b14e919c6855184841d1072add5b56630a8eba20
D:\us\presentation_sources\README.md,965,3fcf16644e846c2962d6b2d646367241e42d21106a6f3ed6ee52962b2b0ed7cc
D:\us\README_autostrain_anonymizer.md,1084,e4a78ee8a92e3c1b7fd92df00fd29816e490edb54e4350df3f4dbe17518daa3d
D:\us\README_ichilov_pipeline5.md,1448,2223bf5a968110cac2f092d680f709160cb3e49c77431ce055b79a7bface2b9c
D:\us\strain_variability_analysis\research_report.md,4270,9476309ad23714eca8d822b2f847eb2b4b21b3c1baf4797183d12904169cacf0
D:\us\strain_variability_analysis_by_view\research_report.md,7216,cef2d7a6ef1b6f77f2fcd7caea6b96698993a8788e71e8b5655b869e696dbd90
D:\us\vvi_xml_preprocess.py,28767,e61601cd923fe0412042f169c5f489348bed3d7b476d28177eee87fb19f0789d
D:\us\vvi_xml_preprocess_ichilov.py,26998,44c733cf53612d31df4f482ec541d804d54bd07986420c01f4a5d6661f20766b
