model,repeat,fold,device,best_epoch,epochs_run,best_validation_loss,seconds,parameter_count,scalar_features
controlled18,0,0,NVIDIA GeForce RTX 4060 Ti,29,64,1.3897347450256348,2.6727778911590576,13290,24
controlled18,0,1,NVIDIA GeForce RTX 4060 Ti,25,60,0.9198076725006104,2.1482653617858887,13290,24
controlled18,0,2,NVIDIA GeForce RTX 4060 Ti,22,57,1.370266675949097,2.1445200443267822,13290,24
controlled18,0,3,NVIDIA GeForce RTX 4060 Ti,21,56,1.148006796836853,2.5031580924987797,13290,24
controlled18,0,4,NVIDIA GeForce RTX 4060 Ti,20,55,1.2852494716644287,2.5340585708618164,13290,24
controlled18,1,0,NVIDIA GeForce RTX 4060 Ti,29,64,1.0161216259002686,3.1210036277771,13290,24
controlled18,1,1,NVIDIA GeForce RTX 4060 Ti,30,65,1.246598482131958,3.1579394340515137,13290,24
controlled18,1,2,NVIDIA GeForce RTX 4060 Ti,23,58,1.1894683837890625,2.8221449851989746,13290,24
controlled18,1,3,NVIDIA GeForce RTX 4060 Ti,23,58,1.2160545587539673,2.874186992645264,13290,24
controlled18,1,4,NVIDIA GeForce RTX 4060 Ti,27,62,0.9729631543159484,3.073691368103028,13290,24
controlled18,2,0,NVIDIA GeForce RTX 4060 Ti,17,52,1.0440888404846191,2.5567870140075684,13290,24
controlled18,2,1,NVIDIA GeForce RTX 4060 Ti,1,36,1.1276462078094482,1.81870698928833,13290,24
controlled18,2,2,NVIDIA GeForce RTX 4060 Ti,3,38,1.021702766418457,1.8505897521972656,13290,24
controlled18,2,3,NVIDIA GeForce RTX 4060 Ti,35,70,1.0281809568405151,3.423175811767578,13290,24
controlled18,2,4,NVIDIA GeForce RTX 4060 Ti,26,61,0.935851275920868,2.987542629241944,13290,24
controlled_noapex,0,0,NVIDIA GeForce RTX 4060 Ti,29,64,1.3913017511367798,2.92605972290039,13290,24
controlled_noapex,0,1,NVIDIA GeForce RTX 4060 Ti,25,60,0.9160835146903992,2.6443655490875244,13290,24
controlled_noapex,0,2,NVIDIA GeForce RTX 4060 Ti,23,58,1.3685928583145142,2.5392820835113525,13290,24
controlled_noapex,0,3,NVIDIA GeForce RTX 4060 Ti,21,56,1.1476244926452637,2.4773452281951904,13290,24
controlled_noapex,0,4,NVIDIA GeForce RTX 4060 Ti,21,56,1.2803782224655151,2.4654927253723145,13290,24
controlled_noapex,1,0,NVIDIA GeForce RTX 4060 Ti,28,63,1.019930124282837,2.789229154586792,13290,24
controlled_noapex,1,1,NVIDIA GeForce RTX 4060 Ti,30,65,1.2343792915344238,2.8523828983306885,13290,24
controlled_noapex,1,2,NVIDIA GeForce RTX 4060 Ti,23,58,1.1867913007736206,2.553973436355591,13290,24
controlled_noapex,1,3,NVIDIA GeForce RTX 4060 Ti,23,58,1.2200084924697876,2.9897847175598145,13290,24
controlled_noapex,1,4,NVIDIA GeForce RTX 4060 Ti,27,62,0.97849041223526,2.731510162353516,13290,24
controlled_noapex,2,0,NVIDIA GeForce RTX 4060 Ti,17,52,1.0447829961776731,2.269104480743408,13290,24
controlled_noapex,2,1,NVIDIA GeForce RTX 4060 Ti,1,36,1.12768292427063,1.5701348781585691,13290,24
controlled_noapex,2,2,NVIDIA GeForce RTX 4060 Ti,3,38,1.0216903686523438,1.6430556774139404,13290,24
controlled_noapex,2,3,NVIDIA GeForce RTX 4060 Ti,39,74,1.01705801486969,3.2495687007904053,13290,24
controlled_noapex,2,4,NVIDIA GeForce RTX 4060 Ti,27,62,0.9362812042236328,2.731520414352417,13290,24
controlled_fixed_qc,0,0,NVIDIA GeForce RTX 4060 Ti,29,64,1.4012348651885986,3.0275120735168457,13290,24
controlled_fixed_qc,0,1,NVIDIA GeForce RTX 4060 Ti,25,60,0.9143065810203552,2.853658437728882,13290,24
controlled_fixed_qc,0,2,NVIDIA GeForce RTX 4060 Ti,21,56,1.374733328819275,2.471339225769043,13290,24
controlled_fixed_qc,0,3,NVIDIA GeForce RTX 4060 Ti,21,56,1.1501444578170776,2.459528923034668,13290,24
controlled_fixed_qc,0,4,NVIDIA GeForce RTX 4060 Ti,21,56,1.277721285820007,2.46838116645813,13290,24
controlled_fixed_qc,1,0,NVIDIA GeForce RTX 4060 Ti,28,63,1.0211217403411863,2.8553225994110107,13290,24
controlled_fixed_qc,1,1,NVIDIA GeForce RTX 4060 Ti,31,66,1.236661434173584,2.904070377349853,13290,24
controlled_fixed_qc,1,2,NVIDIA GeForce RTX 4060 Ti,23,58,1.1881288290023804,2.574977159500122,13290,24
controlled_fixed_qc,1,3,NVIDIA GeForce RTX 4060 Ti,20,55,1.2260100841522217,2.459630012512207,13290,24
controlled_fixed_qc,1,4,NVIDIA GeForce RTX 4060 Ti,29,64,0.9773203730583192,2.8083860874176025,13290,24
controlled_fixed_qc,2,0,NVIDIA GeForce RTX 4060 Ti,17,52,1.0439261198043823,2.303244113922119,13290,24
controlled_fixed_qc,2,1,NVIDIA GeForce RTX 4060 Ti,1,36,1.1276661157608032,1.5882158279418943,13290,24
controlled_fixed_qc,2,2,NVIDIA GeForce RTX 4060 Ti,18,53,1.0195292234420776,2.319111585617065,13290,24
controlled_fixed_qc,2,3,NVIDIA GeForce RTX 4060 Ti,25,60,1.031373143196106,2.6513500213623047,13290,24
controlled_fixed_qc,2,4,NVIDIA GeForce RTX 4060 Ti,26,61,0.9342579245567322,2.732334613800049,13290,24
controlled_shape_qc,0,0,NVIDIA GeForce RTX 4060 Ti,29,64,1.4369635581970217,2.9854483604431152,13290,24
controlled_shape_qc,0,1,NVIDIA GeForce RTX 4060 Ti,25,60,0.9189079403877258,2.6209726333618164,13290,24
controlled_shape_qc,0,2,NVIDIA GeForce RTX 4060 Ti,22,57,1.3730530738830566,2.53657341003418,13290,24
controlled_shape_qc,0,3,NVIDIA GeForce RTX 4060 Ti,21,56,1.147372484207153,2.4748101234436035,13290,24
controlled_shape_qc,0,4,NVIDIA GeForce RTX 4060 Ti,21,56,1.2775821685791016,2.458712100982666,13290,24
controlled_shape_qc,1,0,NVIDIA GeForce RTX 4060 Ti,29,64,1.0178333520889282,2.806358337402344,13290,24
controlled_shape_qc,1,1,NVIDIA GeForce RTX 4060 Ti,30,65,1.242645502090454,2.9057233333587646,13290,24
controlled_shape_qc,1,2,NVIDIA GeForce RTX 4060 Ti,23,58,1.1893121004104614,2.5528807640075684,13290,24
controlled_shape_qc,1,3,NVIDIA GeForce RTX 4060 Ti,21,56,1.2218742370605469,2.4570388793945312,13290,24
controlled_shape_qc,1,4,NVIDIA GeForce RTX 4060 Ti,27,62,0.9788567423820496,2.7583069801330566,13290,24
controlled_shape_qc,2,0,NVIDIA GeForce RTX 4060 Ti,17,52,1.0443239212036133,2.269592523574829,13290,24
controlled_shape_qc,2,1,NVIDIA GeForce RTX 4060 Ti,1,36,1.127677321434021,1.5846786499023438,13290,24
controlled_shape_qc,2,2,NVIDIA GeForce RTX 4060 Ti,15,50,1.0208255052566528,2.197603464126587,13290,24
controlled_shape_qc,2,3,NVIDIA GeForce RTX 4060 Ti,25,60,1.0366655588150024,2.6657564640045166,13290,24
controlled_shape_qc,2,4,NVIDIA GeForce RTX 4060 Ti,26,61,0.9402549862861632,2.7372779846191406,13290,24
controlled18_fixed_qc,0,0,NVIDIA GeForce RTX 4060 Ti,29,64,1.3948091268539429,2.5262770652770996,13290,24
controlled18_fixed_qc,0,1,NVIDIA GeForce RTX 4060 Ti,25,60,0.9165430665016174,2.0544064044952393,13290,24
controlled18_fixed_qc,0,2,NVIDIA GeForce RTX 4060 Ti,22,57,1.3726592063903809,2.0905442237854004,13290,24
controlled18_fixed_qc,0,3,NVIDIA GeForce RTX 4060 Ti,21,56,1.146952509880066,2.336606502532959,13290,24
controlled18_fixed_qc,0,4,NVIDIA GeForce RTX 4060 Ti,21,56,1.2795194387435913,2.5897343158721924,13290,24
controlled18_fixed_qc,1,0,NVIDIA GeForce RTX 4060 Ti,28,63,1.0188186168670654,2.971395969390869,13290,24
controlled18_fixed_qc,1,1,NVIDIA GeForce RTX 4060 Ti,30,65,1.250269889831543,3.1751549243927,13290,24
controlled18_fixed_qc,1,2,NVIDIA GeForce RTX 4060 Ti,23,58,1.1898910999298096,2.867328405380249,13290,24
controlled18_fixed_qc,1,3,NVIDIA GeForce RTX 4060 Ti,23,58,1.2184715270996094,2.8740851879119873,13290,24
controlled18_fixed_qc,1,4,NVIDIA GeForce RTX 4060 Ti,27,62,0.9771679043769836,3.0465211868286133,13290,24
controlled18_fixed_qc,2,0,NVIDIA GeForce RTX 4060 Ti,17,52,1.043601632118225,2.5367863178253174,13290,24
controlled18_fixed_qc,2,1,NVIDIA GeForce RTX 4060 Ti,1,36,1.1276317834854126,1.7903668880462646,13290,24
controlled18_fixed_qc,2,2,NVIDIA GeForce RTX 4060 Ti,18,53,1.0209922790527344,2.612619400024414,13290,24
controlled18_fixed_qc,2,3,NVIDIA GeForce RTX 4060 Ti,35,70,1.0306628942489624,3.4681928157806396,13290,24
controlled18_fixed_qc,2,4,NVIDIA GeForce RTX 4060 Ti,26,61,0.9386841654777527,2.9786951541900635,13290,24
controlled18_shape_qc,0,0,NVIDIA GeForce RTX 4060 Ti,29,64,1.4125181436538696,3.228585958480835,13290,24
controlled18_shape_qc,0,1,NVIDIA GeForce RTX 4060 Ti,24,59,0.9082430601119995,3.121321439743042,13290,24
controlled18_shape_qc,0,2,NVIDIA GeForce RTX 4060 Ti,20,55,1.38123619556427,2.682077169418335,13290,24
controlled18_shape_qc,0,3,NVIDIA GeForce RTX 4060 Ti,20,55,1.1474010944366455,2.673583984375,13290,24
controlled18_shape_qc,0,4,NVIDIA GeForce RTX 4060 Ti,21,56,1.2798162698745728,2.69012188911438,13290,24
controlled18_shape_qc,1,0,NVIDIA GeForce RTX 4060 Ti,27,62,1.0210198163986206,2.9897775650024414,13290,24
controlled18_shape_qc,1,1,NVIDIA GeForce RTX 4060 Ti,30,65,1.2458596229553223,3.1576619148254395,13290,24
controlled18_shape_qc,1,2,NVIDIA GeForce RTX 4060 Ti,23,58,1.196579933166504,2.8059537410736084,13290,24
controlled18_shape_qc,1,3,NVIDIA GeForce RTX 4060 Ti,23,58,1.2156585454940796,2.8202593326568604,13290,24
controlled18_shape_qc,1,4,NVIDIA GeForce RTX 4060 Ti,27,62,0.9689337015151978,2.958099365234375,13290,24
controlled18_shape_qc,2,0,NVIDIA GeForce RTX 4060 Ti,17,52,1.043338656425476,2.4563205242156982,13290,24
controlled18_shape_qc,2,1,NVIDIA GeForce RTX 4060 Ti,1,36,1.1276227235794067,1.7066552639007568,13290,24
controlled18_shape_qc,2,2,NVIDIA GeForce RTX 4060 Ti,15,50,1.0213608741760254,2.351248025894165,13290,24
controlled18_shape_qc,2,3,NVIDIA GeForce RTX 4060 Ti,25,60,1.0343704223632812,2.893322706222534,13290,24
controlled18_shape_qc,2,4,NVIDIA GeForce RTX 4060 Ti,26,61,0.9329649209976196,2.9384772777557373,13290,24
