outcome,feature,n_patients,spearman_rho,bootstrap_ci_low,bootstrap_ci_high,permutation_p,fdr_q
gls_worsening_pp,endo_peak_abs_robust_sd,103,-0.045535545129345864,-0.2379938757797674,0.15016261814116338,0.6456708658268346,0.7748050389922015
gls_worsening_pp,endo_vendor_peak_systolic_abs_robust_sd,103,-0.02986795825416321,-0.21983842869596942,0.17273354785412878,0.7550489902019596,0.8310685688949166
gls_worsening_pp,endo_peak_abs_std,103,0.06741258357472557,-0.11700084268404155,0.2511478619899512,0.4977004599080184,0.6636006132106913
gls_worsening_pp,endo_peak_abs_cv,103,-0.2296344092004154,-0.4039072932561509,-0.04518448637366229,0.020395920815836834,0.1791641671665667
gls_worsening_pp,endo_time_to_peak_ms_std,103,-0.1725951044113412,-0.3664444011652394,0.0177767073976739,0.08938212357528494,0.2623475304939012
gls_worsening_pp,endo_time_to_peak_norm_std,103,-0.15160692467668818,-0.349819543908743,0.050785809937887234,0.1269746050789842,0.2623475304939012
gls_worsening_pp,endo_time_to_peak_norm_circular_std,103,-0.15858101893702553,-0.3550466845868598,0.03749743947434371,0.10797840431913618,0.2623475304939012
gls_worsening_pp,endo_vendor_time_to_peak_norm_circular_std,103,-0.15012973463256943,-0.3555325832909499,0.04716444889894146,0.1241751649670066,0.2623475304939012
gls_worsening_pp,endo_time_to_peak_es_ratio_std,103,-0.14932798836327082,-0.34953163725657305,0.0631214849769111,0.1311737652469506,0.2623475304939012
gls_worsening_pp,endo_post_systolic_index_std,103,-0.11511099518519041,-0.3173322700867848,0.08601251795947003,0.2383523295340932,0.38992201559688067
gls_worsening_pp,endo_post_systolic_fraction,103,-0.026860820539652008,-0.23142747756090756,0.18444083094229624,0.7828434313137372,0.8310685688949166
gls_worsening_pp,endo_curve_dispersion_rms,103,0.11163493088062856,-0.08141859514793909,0.3053058459565317,0.2599480103979204,0.38992201559688067
gls_worsening_pp,endo_curve_integrated_robust_mad,103,0.014003102648708882,-0.17637104723651265,0.20585976568913658,0.8852229554089183,0.8852229554089183
gls_worsening_pp,endo_shape_dispersion_rms,103,-0.20265509809723628,-0.3980193395731358,-0.013707864687755292,0.04539092181563687,0.2351529694061188
gls_worsening_pp,endo_shape_incoherence,103,-0.19538446754551447,-0.38309472056437655,-0.00602031917869985,0.04899020195960808,0.2351529694061188
gls_worsening_pp,endo_latent_pairwise_mean,103,0.1320739693349401,-0.0645933034836325,0.33501187413136096,0.1845630873825235,0.34073185362927416
gls_worsening_pp,endo_apical_basal_peak_gradient,103,0.22209469942132626,0.023732589483207604,0.4018945537489589,0.022395520895820836,0.1791641671665667
gls_worsening_pp,endo_impaired_segment_fraction_lt15,103,-0.46823103209465916,-0.6081375043637423,-0.2980889948260531,0.0001999600079984003,0.004799040191961607
gls_worsening_pp,endo_within_view_peak_robust_sd_mean,103,0.02513419640123159,-0.170626502566149,0.21491283333592073,0.7964407118576284,0.8310685688949166
gls_worsening_pp,endo_within_ring_peak_robust_sd_mean,103,-0.09636357645860334,-0.276061535603962,0.08401169661460235,0.34333133373325336,0.4847030593881224
gls_worsening_pp,endo_spatial_peak_graph_roughness,103,0.047149399787643514,-0.14368348283111007,0.23948333870864513,0.6394721055788842,0.7748050389922015
gls_worsening_pp,endo_spatial_timing_graph_roughness,103,-0.162210842800083,-0.34687278927463777,0.029416821670935622,0.10417916416716656,0.2623475304939012
gls_worsening_pp,mid_peak_abs_robust_sd,103,-0.11272621437106092,-0.304304277424121,0.09146487627310665,0.2549490101979604,0.38992201559688067
gls_worsening_pp,mid_time_to_peak_norm_circular_std,103,-0.18446753889232498,-0.3726280033087951,0.006149001974168992,0.059988002399520096,0.23995200959808038
ef_worsening_pp,endo_peak_abs_robust_sd,97,-0.17415774664209926,-0.36294256303956346,0.034631894236682975,0.08818236352729454,0.5038992201559688
ef_worsening_pp,endo_vendor_peak_systolic_abs_robust_sd,97,-0.037489973305981826,-0.24561083351224877,0.16752623024102492,0.7184563087382524,0.9075237584062135
ef_worsening_pp,endo_peak_abs_std,97,-0.011867582761031024,-0.218699605027897,0.19472157595793058,0.9120175964807039,0.9516705354581257
ef_worsening_pp,endo_peak_abs_cv,97,-0.18492389625305186,-0.3808736555110385,0.032546931837320166,0.07138572285542892,0.5038992201559688
ef_worsening_pp,endo_time_to_peak_ms_std,97,-0.09298136033601151,-0.2918327772272694,0.10435261608447322,0.369126174765047,0.6030793841231753
ef_worsening_pp,endo_time_to_peak_norm_std,97,-0.09175844045038725,-0.27936072606466106,0.1000718907209104,0.3755248950209958,0.6030793841231753
ef_worsening_pp,endo_time_to_peak_norm_circular_std,97,-0.08943094776484432,-0.279085084523214,0.10294890826865141,0.3769246150769846,0.6030793841231753
ef_worsening_pp,endo_vendor_time_to_peak_norm_circular_std,97,-0.10761694993493398,-0.29193093186133484,0.0805387903219746,0.29614077184563087,0.5922815436912617
ef_worsening_pp,endo_time_to_peak_es_ratio_std,97,-0.13037246458087765,-0.309067647979439,0.05688656243090174,0.20675864827034593,0.5475704859028194
ef_worsening_pp,endo_post_systolic_index_std,97,0.0028863539235970187,-0.210671120079912,0.19780318214478843,0.9794041191761648,0.9794041191761648
ef_worsening_pp,endo_post_systolic_fraction,97,-0.01556829546933224,-0.22492453247382274,0.19366200748320156,0.8734253149370126,0.9516705354581257
ef_worsening_pp,endo_curve_dispersion_rms,97,0.11594726980098732,-0.08651396607109695,0.3144929176765244,0.2545490901819636,0.5553798331242842
ef_worsening_pp,endo_curve_integrated_robust_mad,97,0.018008481541531292,-0.19013107695196282,0.22923769110681072,0.8630273945210958,0.9516705354581257
ef_worsening_pp,endo_shape_dispersion_rms,97,-0.05565600447209287,-0.24774036586824957,0.13175824664058475,0.5986802639472105,0.845195666749003
ef_worsening_pp,endo_shape_incoherence,97,-0.041875143825488424,-0.23025035356344925,0.1534610313285742,0.6814637072585483,0.9075237584062135
ef_worsening_pp,endo_latent_pairwise_mean,97,0.12692724941922656,-0.07840138463545562,0.337509134499223,0.21635672865426914,0.5475704859028194
ef_worsening_pp,endo_apical_basal_peak_gradient,97,0.1532923501791902,-0.05340262852051699,0.34646760788138,0.13557288542291543,0.5038992201559688
ef_worsening_pp,endo_impaired_segment_fraction_lt15,97,-0.25596700166078734,-0.4624584809159492,-0.03723104905832866,0.013197360527894421,0.3167366526694661
ef_worsening_pp,endo_within_view_peak_robust_sd_mean,97,-0.21571386305078497,-0.401636588968788,-0.008549973873819195,0.033393321335732855,0.40071985602879423
ef_worsening_pp,endo_within_ring_peak_robust_sd_mean,97,-0.15786238161228539,-0.3522824720620931,0.05670870040287596,0.12117576484703059,0.5038992201559688
ef_worsening_pp,endo_spatial_peak_graph_roughness,97,-0.02522107893147646,-0.2230005215593444,0.16780997541899415,0.8014397120575885,0.9516705354581257
ef_worsening_pp,endo_spatial_timing_graph_roughness,97,-0.08121897498449653,-0.27066196573034834,0.10692936921670133,0.41671665666866625,0.6250749850029994
ef_worsening_pp,mid_peak_abs_robust_sd,97,-0.14752158219303302,-0.348923187655022,0.06233745845216283,0.14697060587882424,0.5038992201559688
ef_worsening_pp,mid_time_to_peak_norm_circular_std,97,-0.12410006903848232,-0.3098139436759972,0.07071394811083473,0.22815436912617476,0.5475704859028194
