endpoint,baseline_endpoint_control,feature,n_patients,standardized_beta_feature,bootstrap_ci_low,bootstrap_ci_high,permutation_p,loocv_base_rmse,loocv_extended_rmse,loocv_delta_rmse_extended_minus_base,loocv_base_mae,loocv_extended_mae,loocv_delta_mae_extended_minus_base,loocv_extended_prediction_spearman,fdr_q,primary_holm_p
final_gls_magnitude,baseline_gls_magnitude+followup_years,endo_peak_abs_robust_sd,103,0.027301748513999635,-0.14422543903076432,0.19286702351299997,0.7368526294741051,2.598931468688067,2.6234194060427676,0.024487937354700673,2.1470280614774766,2.16791020769413,0.020882146216653297,0.4048994519799176,0.8717560835658955,1.0
final_gls_magnitude,baseline_gls_magnitude+followup_years,endo_vendor_peak_systolic_abs_robust_sd,103,0.0603318720775288,-0.10726501464896451,0.2125405272521311,0.47890421915616876,2.598931468688067,2.6144471298388,0.015515661150732996,2.1470280614774766,2.160358953323295,0.013330891845818371,0.401895640928787,0.8717560835658955,
final_gls_magnitude,baseline_gls_magnitude+followup_years,endo_peak_abs_std,103,0.0577933385892892,-0.11013224791963515,0.2033470347712416,0.4973005398920216,2.598931468688067,2.6136505696313668,0.014719100943299868,2.1470280614774766,2.1662680377100996,0.01923997623262297,0.40361445785566796,0.8717560835658955,
final_gls_magnitude,baseline_gls_magnitude+followup_years,endo_peak_abs_cv,103,0.058561270555569034,-0.14400343084750278,0.23063477565530555,0.5316936612677464,2.598931468688067,2.615857620704328,0.01692615201626113,2.1470280614774766,2.169548120355418,0.022520058877941285,0.40100053818411735,0.8717560835658955,
final_gls_magnitude,baseline_gls_magnitude+followup_years,endo_time_to_peak_ms_std,103,0.05568049428766881,-0.12438041816859388,0.22136016222489008,0.53249350129974,2.598931468688067,2.6155135397582296,0.01658207107016274,2.1470280614774766,2.168120181267585,0.021092119790108388,0.41274121099456945,0.8717560835658955,
final_gls_magnitude,baseline_gls_magnitude+followup_years,endo_time_to_peak_norm_std,103,-0.03661518481827987,-0.2227659168642571,0.14174070143906936,0.6732653469306139,2.598931468688067,2.627134824178086,0.028203355490019177,2.1470280614774766,2.168795073317765,0.021767011840288397,0.3942625561736287,0.8717560835658955,
final_gls_magnitude,baseline_gls_magnitude+followup_years,endo_time_to_peak_norm_circular_std,103,-0.03556553954688302,-0.2049585875719481,0.1444051384159017,0.7002599480103979,2.598931468688067,2.6259765917363005,0.027045123048233588,2.1470280614774766,2.1682363810222767,0.02120831954480007,0.3936694819624366,0.8717560835658955,1.0
final_gls_magnitude,baseline_gls_magnitude+followup_years,endo_vendor_time_to_peak_norm_circular_std,103,-0.03530225037471768,-0.21856225853080788,0.1417668814852778,0.6894621075784843,2.598931468688067,2.6255591169279224,0.026627648239855528,2.1470280614774766,2.167624634329143,0.020596572851666384,0.39387266479404864,0.8717560835658955,
final_gls_magnitude,baseline_gls_magnitude+followup_years,endo_time_to_peak_es_ratio_std,103,-0.0013573175262217019,-0.17450605790741028,0.17937547543072418,0.9866026794641072,2.598931468688067,2.6298324597463223,0.03090099105825539,2.1470280614774766,2.1715244296178913,0.02449636814041467,0.395448704596013,0.9866026794641072,
final_gls_magnitude,baseline_gls_magnitude+followup_years,endo_post_systolic_index_std,103,-0.02483281054637137,-0.18666081759283115,0.16640719685534391,0.7714457108578284,2.598931468688067,2.6270317584150895,0.02810028972702261,2.1470280614774766,2.168100954431581,0.021072892954104194,0.3931038648906514,0.8717560835658955,
final_gls_magnitude,baseline_gls_magnitude+followup_years,endo_post_systolic_fraction,103,-0.023879773241430313,-0.2019113212177906,0.1369265370784827,0.7788442311537692,2.598931468688067,2.6275502751729682,0.028618806484901338,2.1470280614774766,2.17058583267013,0.023557771192653565,0.3948885789521093,0.8717560835658955,
final_gls_magnitude,baseline_gls_magnitude+followup_years,endo_curve_dispersion_rms,103,0.041174134607889046,-0.13440597428637102,0.1911971002782995,0.6294741051789642,2.598931468688067,2.619929957448208,0.020998488760140877,2.1470280614774766,2.1632468022156757,0.016218740738199067,0.4050037891096644,0.8717560835658955,
final_gls_magnitude,baseline_gls_magnitude+followup_years,endo_curve_integrated_robust_mad,103,0.05116558707626023,-0.10680915001956941,0.19579785858891785,0.5292941411717657,2.598931468688067,2.6122942940588856,0.013362825370818676,2.1470280614774766,2.1519209799967376,0.004892918519260991,0.4095012685445383,0.8717560835658955,
final_gls_magnitude,baseline_gls_magnitude+followup_years,endo_shape_dispersion_rms,103,0.06518155748252732,-0.10175218615100573,0.2245170525012596,0.46950609878024396,2.598931468688067,2.6133889112779203,0.014457442589853375,2.1470280614774766,2.1446098071014776,-0.0024182543759989628,0.4196054958463305,0.8717560835658955,
final_gls_magnitude,baseline_gls_magnitude+followup_years,endo_shape_incoherence,103,0.08552207252854571,-0.10288600425450602,0.2665477817977683,0.3197360527894421,2.598931468688067,2.6163088352434727,0.017377366555405782,2.1470280614774766,2.151350132611337,0.004322071133860295,0.4264642892702101,0.8717560835658955,
final_gls_magnitude,baseline_gls_magnitude+followup_years,endo_latent_pairwise_mean,103,0.017051946836000975,-0.16004074611517485,0.18006579784868168,0.8354329134173165,2.598931468688067,2.6252743399358156,0.0263428712477487,2.1470280614774766,2.166528288926313,0.019500227448836505,0.40230200659201126,0.8717560835658955,
final_gls_magnitude,baseline_gls_magnitude+followup_years,endo_apical_basal_peak_gradient,103,-0.035210195677414714,-0.22254769219131795,0.1829577434123563,0.7088582283543291,2.598931468688067,2.630208725597359,0.031277256909292284,2.1470280614774766,2.1761078900301873,0.02907982855271074,0.3955091103027085,0.8717560835658955,
final_gls_magnitude,baseline_gls_magnitude+followup_years,endo_impaired_segment_fraction_lt15,103,0.1480912466291779,-0.12707499417108742,0.4276959611120737,0.32313537292541494,2.598931468688067,2.608719680379334,0.00978821169126709,2.1470280614774766,2.1669187790385758,0.01989071756109917,0.3942790304572729,0.8717560835658955,
final_gls_magnitude,baseline_gls_magnitude+followup_years,endo_within_view_peak_robust_sd_mean,103,0.03602391240481555,-0.11846942214638681,0.180796318091101,0.6640671865626875,2.598931468688067,2.6169522127076887,0.018020744019621837,2.1470280614774766,2.1669727282181297,0.019944666740653094,0.40570120045060326,0.8717560835658955,
final_gls_magnitude,baseline_gls_magnitude+followup_years,endo_within_ring_peak_robust_sd_mean,103,0.0760514797902696,-0.10458926182527012,0.2195541602955017,0.3729254149170166,2.598931468688067,2.6104860517192163,0.011554583031149424,2.1470280614774766,2.1503556181183243,0.0033275566408477175,0.4030488407838828,0.8717560835658955,
final_gls_magnitude,baseline_gls_magnitude+followup_years,endo_spatial_peak_graph_roughness,103,0.07594532917341365,-0.10137366988055205,0.2307996929878585,0.3847230553889222,2.598931468688067,2.6100848550871794,0.011153386399112453,2.1470280614774766,2.1601835343207947,0.013155472843318083,0.3999791325981753,0.8717560835658955,
final_gls_magnitude,baseline_gls_magnitude+followup_years,endo_spatial_timing_graph_roughness,103,0.01917428125630896,-0.16384727711091754,0.1901006597601647,0.827634473105379,2.598931468688067,2.6250702140471653,0.026138745359098436,2.1470280614774766,2.1697338971084745,0.022705835630997928,0.3986392241951115,0.8717560835658955,
final_gls_magnitude,baseline_gls_magnitude+followup_years,mid_peak_abs_robust_sd,103,0.11446524799221952,-0.05770825397209346,0.28189419136093674,0.17436512697460507,2.598931468688067,2.5995294368959825,0.0005979682079155779,2.1470280614774766,2.1560191633790944,0.008991101901617782,0.4171343532996965,0.8717560835658955,
final_gls_magnitude,baseline_gls_magnitude+followup_years,mid_time_to_peak_norm_circular_std,103,0.03346010012815054,-0.14375690228677143,0.2022625238061578,0.707258548290342,2.598931468688067,2.6223891898878557,0.02345772119978884,2.1470280614774766,2.1656726301131832,0.018644568635706626,0.4067061317529011,0.8717560835658955,
final_ef,baseline_ef+baseline_gls_magnitude+baseline_endo_peak_abs_mean+followup_years,endo_peak_abs_robust_sd,97,0.2060366670666193,-0.0105850356917465,0.4113034971557782,0.02539492101579684,5.872349863738136,5.7799135229236756,-0.0924363408144604,4.349219246055533,4.285111092782168,-0.06410815327336472,0.2715417059920544,0.2697060587882424,0.10157968406318736
final_ef,baseline_ef+baseline_gls_magnitude+baseline_endo_peak_abs_mean+followup_years,endo_vendor_peak_systolic_abs_robust_sd,97,0.1463272154874019,-0.06656263746189221,0.33597661278711016,0.11737652469506099,5.872349863738136,5.84358685244351,-0.028763011294626217,4.349219246055533,4.341661406753235,-0.007557839302298142,0.20297906894398796,0.39652069586082783,
final_ef,baseline_ef+baseline_gls_magnitude+baseline_endo_peak_abs_mean+followup_years,endo_peak_abs_std,97,0.09326031224285014,-0.1422317271657216,0.2992607455662996,0.31333733253349333,5.872349863738136,5.915937954412149,0.043588090674012925,4.349219246055533,4.3681391911455405,0.018919945090007495,0.19307733022185639,0.6895851598910987,
final_ef,baseline_ef+baseline_gls_magnitude+baseline_endo_peak_abs_mean+followup_years,endo_peak_abs_cv,97,0.09609032587107341,-0.15694833156601357,0.3316922483702181,0.3499300139972006,5.872349863738136,5.928089977514522,0.05574011377638577,4.349219246055533,4.382350536072254,0.03313129001672088,0.1860553800523766,0.6895851598910987,
final_ef,baseline_ef+baseline_gls_magnitude+baseline_endo_peak_abs_mean+followup_years,endo_time_to_peak_ms_std,97,0.1744053824342882,-0.07133717973854978,0.37953551543597847,0.07638472305538892,5.872349863738136,5.856046139546843,-0.016303724191293334,4.349219246055533,4.344799464140152,-0.004419781915380838,0.24882556569659317,0.30553889222155567,
final_ef,baseline_ef+baseline_gls_magnitude+baseline_endo_peak_abs_mean+followup_years,endo_time_to_peak_norm_std,97,0.07004062878178541,-0.13530632624793165,0.2732603830500802,0.4605078984203159,5.872349863738136,5.938158266001217,0.06580840226308116,4.349219246055533,4.41785658750165,0.06863734144611655,0.1912626689421032,0.7368126374725055,
final_ef,baseline_ef+baseline_gls_magnitude+baseline_endo_peak_abs_mean+followup_years,endo_time_to_peak_norm_circular_std,97,0.04878610918293215,-0.1409048856649489,0.25413695625989907,0.6212757448510298,5.872349863738136,5.930706510109058,0.05835664637092197,4.349219246055533,4.411137239770302,0.06191799371476936,0.18835658095061436,0.8208540110159788,1.0
final_ef,baseline_ef+baseline_gls_magnitude+baseline_endo_peak_abs_mean+followup_years,endo_vendor_time_to_peak_norm_circular_std,97,0.048572776212504,-0.13596233609223823,0.24095949994280466,0.6262747450509898,5.872349863738136,5.928795814024185,0.05644595028604904,4.349219246055533,4.409069521091346,0.05985027503581275,0.18842890440741614,0.8208540110159788,
final_ef,baseline_ef+baseline_gls_magnitude+baseline_endo_peak_abs_mean+followup_years,endo_time_to_peak_es_ratio_std,97,0.1420548398357021,-0.06700308918214166,0.34094213532611944,0.1321735652869426,5.872349863738136,5.883533080774819,0.011183217036682791,4.349219246055533,4.396342383221638,0.04712313716610517,0.23330889678276148,0.39652069586082783,
final_ef,baseline_ef+baseline_gls_magnitude+baseline_endo_peak_abs_mean+followup_years,endo_post_systolic_index_std,97,0.013065931610441908,-0.1993001950175434,0.276221869025737,0.9058188362327535,5.872349863738136,5.949621159216513,0.07727129547837741,4.349219246055533,4.395794985937382,0.04657573988184893,0.19205165210721326,0.9452022638950472,
final_ef,baseline_ef+baseline_gls_magnitude+baseline_endo_peak_abs_mean+followup_years,endo_post_systolic_fraction,97,0.029185328941934763,-0.14719511884760042,0.23641281726296975,0.7524495100979804,5.872349863738136,5.946479959463643,0.07413009572550688,4.349219246055533,4.3980662185989985,0.04884697254346548,0.191860981175645,0.8208540110159788,
final_ef,baseline_ef+baseline_gls_magnitude+baseline_endo_peak_abs_mean+followup_years,endo_curve_dispersion_rms,97,0.03313127144297073,-0.16313512944723543,0.2250013457827497,0.7266546690661868,5.872349863738136,5.936051254074861,0.06370139033672473,4.349219246055533,4.398354866918182,0.049135620862649,0.19308390508156564,0.8208540110159788,
final_ef,baseline_ef+baseline_gls_magnitude+baseline_endo_peak_abs_mean+followup_years,endo_curve_integrated_robust_mad,97,0.07348127641059302,-0.12702450306440757,0.25185878688008534,0.43171365726854627,5.872349863738136,5.926275223998462,0.053925360260326016,4.349219246055533,4.376928520747376,0.027709274691843255,0.2098037733221902,0.7368126374725055,
final_ef,baseline_ef+baseline_gls_magnitude+baseline_endo_peak_abs_mean+followup_years,endo_shape_dispersion_rms,97,-0.0035214412096392644,-0.2144967936737925,0.19448036097756766,0.9718056388722256,5.872349863738136,5.944482697617667,0.07213283387953062,4.349219246055533,4.411169575349514,0.06195032929398092,0.1875478732063765,0.9718056388722256,
final_ef,baseline_ef+baseline_gls_magnitude+baseline_endo_peak_abs_mean+followup_years,endo_shape_incoherence,97,0.043233392669553186,-0.17458365131480566,0.26591557904186347,0.6734653069386123,5.872349863738136,5.954434219848657,0.08208435611052067,4.349219246055533,4.399791390653427,0.050572144597894386,0.20307111697991748,0.8208540110159788,
final_ef,baseline_ef+baseline_gls_magnitude+baseline_endo_peak_abs_mean+followup_years,endo_latent_pairwise_mean,97,0.03562517585645353,-0.15069616492269264,0.21626222071004977,0.7074585082983403,5.872349863738136,5.943529730509296,0.07117986677115962,4.349219246055533,4.405887981488409,0.05666873543287565,0.19407013403795326,0.8208540110159788,
final_ef,baseline_ef+baseline_gls_magnitude+baseline_endo_peak_abs_mean+followup_years,endo_apical_basal_peak_gradient,97,-0.12463747871810923,-0.3306704460531982,0.21454389260379694,0.2461507698460308,5.872349863738136,5.919624761420852,0.04727489768271642,4.349219246055533,4.412809448216806,0.06359020216127309,0.16561414121631612,0.6564020529227488,
final_ef,baseline_ef+baseline_gls_magnitude+baseline_endo_peak_abs_mean+followup_years,endo_impaired_segment_fraction_lt15,97,0.15607260543385196,-0.20932285003680948,0.5596173197986227,0.36312737452509497,5.872349863738136,5.921372230694471,0.04902236695633544,4.349219246055533,4.356250931698351,0.007031685642817642,0.19424765525010304,0.6895851598910987,
final_ef,baseline_ef+baseline_gls_magnitude+baseline_endo_peak_abs_mean+followup_years,endo_within_view_peak_robust_sd_mean,97,0.17679801476271473,-0.009131652757863727,0.3511955026583776,0.054989002199560086,5.872349863738136,5.8076269115690815,-0.06472295216905444,4.349219246055533,4.272724585532601,-0.07649466052293175,0.24810890598828483,0.2697060587882424,
final_ef,baseline_ef+baseline_gls_magnitude+baseline_endo_peak_abs_mean+followup_years,endo_within_ring_peak_robust_sd_mean,97,0.23087822125424076,0.009891651953106125,0.3983560996317606,0.01199760047990402,5.872349863738136,5.688039670165419,-0.18431019357271694,4.349219246055533,4.3225495794351945,-0.02666966662033854,0.23747735783842644,0.2697060587882424,
final_ef,baseline_ef+baseline_gls_magnitude+baseline_endo_peak_abs_mean+followup_years,endo_spatial_peak_graph_roughness,97,0.17728298850844146,-0.05975652561848285,0.38066753664508146,0.05538892221555689,5.872349863738136,5.817331836919073,-0.05501802681906298,4.349219246055533,4.292139505967914,-0.057079740087618625,0.2321845957724796,0.2697060587882424,
final_ef,baseline_ef+baseline_gls_magnitude+baseline_endo_peak_abs_mean+followup_years,endo_spatial_timing_graph_roughness,97,0.04308550035713549,-0.14111690820527817,0.24316273195818264,0.642871425714857,5.872349863738136,5.932082764226635,0.05973290048849922,4.349219246055533,4.42068669005833,0.07146744400279736,0.19153223819018245,0.8208540110159788,
final_ef,baseline_ef+baseline_gls_magnitude+baseline_endo_peak_abs_mean+followup_years,mid_peak_abs_robust_sd,97,0.1719227311860851,-0.08894141389893626,0.3814147339840597,0.05618876224755049,5.872349863738136,5.83759939799035,-0.03475046574778595,4.349219246055533,4.346587282388778,-0.0026319636667553326,0.21641150732998715,0.2697060587882424,
final_ef,baseline_ef+baseline_gls_magnitude+baseline_endo_peak_abs_mean+followup_years,mid_time_to_peak_norm_circular_std,97,0.08814569271674233,-0.1278853045760181,0.2815066378967102,0.3735252949410118,5.872349863738136,5.909365970392496,0.03701610665436039,4.349219246055533,4.391075975349992,0.04185672929445872,0.1953325071021294,0.6895851598910987,
