metric,n_pairs,mean_bias_2_minus_1,mean_absolute_difference,median_absolute_difference,max_absolute_difference,sd_difference,repeatability_coefficient_95,icc_consistency,pearson_between_reanalyses
ef_biplane,11,0.3627272727272723,2.8954545454545464,2.3500000000000014,7.040000000000006,3.6579477604500896,7.169577610482175,0.7710040790244589,0.7793736693976762
endo_curve_dispersion_rms,16,-0.36007902254273694,0.48544827134817214,0.3483013241624793,1.5492741687938336,0.5760495225500517,1.1290570641981013,0.8483904706031627,0.8773065717549468
endo_curve_integrated_robust_mad,16,-0.09261597094634352,0.4543113198651315,0.3786224798653528,1.6963943291842778,0.6138401176876361,1.2031266306677668,0.7188130311261233,0.8203451261558814
endo_latent_pairwise_mean,16,-0.24248947533625634,0.34812454827566763,0.283418794005899,0.8743352620776594,0.3746769140946936,0.7343667516255995,0.8613247970273491,0.8814811164509948
endo_peak_abs_mean,16,0.01802083333333393,1.117673611111111,1.1158333333333328,3.3527777777777814,1.4072474514670454,2.758205004875409,0.9526795335708242,0.9613476766801919
endo_peak_abs_robust_sd,16,-0.46331249999999957,1.174960500000001,0.8265494999999978,4.0104330000000035,1.6305432319637534,3.1958647346489566,0.5374699334233257,0.6484910043578735
endo_peak_abs_std,16,-0.5274714784077252,0.7138997834266152,0.43973512550531213,2.7752898179111005,0.9272860793276516,1.817480715482197,0.8206994944504086,0.8363256429589256
endo_post_systolic_fraction,16,0.020833333333333315,0.14583333333333331,0.11111111111111105,0.4444444444444445,0.19124349420065007,0.3748372486332741,0.37356828193832603,0.3736101920867353
endo_shape_incoherence,16,-0.0396025873625281,0.047639526343367655,0.01566615343492872,0.24755799824406366,0.07677353590153943,0.1504761303670173,0.7550426425262932,0.8198724127151776
endo_spatial_peak_graph_roughness,16,-0.5215208333333337,0.6901041666666666,0.5743333333333314,1.8760000000000012,0.7147861008073724,1.4009807575824498,0.8844389666026446,0.8852725988972199
endo_time_to_peak_es_ratio_std,16,-0.014212810840005134,0.031945413092690784,0.018575028185192813,0.15804567126596708,0.05294024885821304,0.10376288776209755,0.6418071849206974,0.7536492937283935
endo_time_to_peak_ms_std,16,-4.885199401766635,10.26379139336597,5.729950467747667,49.1718705112865,16.784512559856527,32.89764461731879,0.6563266981575142,0.7353910399043153
endo_time_to_peak_norm_circular_std,16,-0.0046547986090548395,0.012084415751508258,0.00634379631351268,0.05574708355343601,0.020774162478872836,0.04071735845859076,0.6054258325315973,0.6887916812149785
endo_vendor_peak_systolic_abs_robust_sd,16,-0.6134257499999998,1.3028347499999997,0.7672455000000022,5.159448000000004,1.8857589935151844,3.6960876272897614,0.4917009828509517,0.6412300430953966
endo_vendor_time_to_peak_norm_circular_std,16,-0.005273143134526432,0.011083105285719964,0.005804908021099273,0.0556091667292455,0.020166258812165654,0.03952586727184468,0.6164269980105955,0.7046267259508262
gls_endo_peak_avg,16,0.021250000000000324,1.1637500000000003,1.1649999999999991,3.3500000000000014,1.4781604558820178,2.897194493528755,0.9488140115003559,0.9572841732482307
gls_mid_peak_avg,16,-0.07500000000000018,0.915,0.75,3.780000000000001,1.3323062710953515,2.611320291346889,0.9537637580109538,0.960036943351415
mid_curve_dispersion_rms,16,-0.39080853956631145,0.4761217180361793,0.3121948702370989,1.4995941709166756,0.5530226266059265,1.083924348147616,0.8701296011102417,0.8984363001251994
mid_curve_integrated_robust_mad,16,-0.16210009121801053,0.5221701009751338,0.49332364417801156,1.827880886534595,0.6722293453900302,1.3175695169644592,0.6303437883067017,0.6666526942936776
mid_latent_pairwise_mean,16,-0.2605080173569678,0.3295619549184656,0.2793560338090928,0.8978887738946986,0.35037711397267474,0.6867391433864425,0.8831259142949303,0.8998738967429989
mid_peak_abs_mean,16,0.06027777777777732,0.8996527777777789,0.75555555555556,3.1816666666666666,1.1891982463558395,2.3308285628574454,0.9595100346216416,0.9664252667081011
mid_peak_abs_robust_sd,16,-0.5416123124999997,1.3088578124999999,0.9006794999999999,3.6990870000000005,1.610416810310537,3.1564169482086526,0.4206935030877386,0.4349483494741223
mid_peak_abs_std,16,-0.5422068980591044,0.7361832937821473,0.557683353872819,2.3118188425051214,0.8696897968665931,1.7045920018585223,0.8329287548434117,0.8420249778433553
mid_post_systolic_fraction,16,0.006944444444444427,0.12499999999999997,0.11111111111111105,0.27777777777777773,0.15957118462605632,0.3127595218670704,0.6105428796223448,0.6105581868459091
mid_shape_incoherence,16,-0.05327572065372253,0.06300384975174003,0.020214598672994355,0.3956142752737122,0.11035782213782024,0.21630133139012767,0.7900856397621278,0.8244834251035735
mid_spatial_peak_graph_roughness,16,-0.5373333333333331,0.6874166666666665,0.5105,1.7649999999999988,0.6718653965721937,1.3168561772814995,0.8821352612277311,0.8842127613852675
mid_time_to_peak_es_ratio_std,16,-0.02140450639784452,0.033218134104926786,0.010346314553645493,0.2454653017335167,0.06616837274997406,0.12969001058994914,0.8241571297748793,0.8353686405641337
mid_time_to_peak_ms_std,16,-7.934233130389871,10.375950505172302,3.1501493710721284,85.00925322604414,21.574086924844714,42.28521037269564,0.8818342249886139,0.8879014153702853
mid_time_to_peak_norm_circular_std,16,-0.007213255113059057,0.012538896035136173,0.005455695513268223,0.08760869622493918,0.023806466296284433,0.04666067394071749,0.8362766094855734,0.8445992298548691
mid_vendor_peak_systolic_abs_robust_sd,16,-0.5471720625000001,1.5247614374999996,1.104537000000001,4.914818999999999,1.978592920575746,3.878042124328462,0.3437449082829792,0.4279251011959797
mid_vendor_time_to_peak_norm_circular_std,16,-0.00613065811353452,0.012877711699371748,0.005817508563037723,0.08885548097983678,0.02444946278722241,0.047920947062955924,0.8261350203646326,0.840555618598512
